power,wind_speed
0.0,1
0.0,2
0.0,3
3.4e-05,4
7e-05,5
0.000137,6
0.000252,7
0.00039,8
0.000524,9
0.000621,10
0.000699,11
0.00073,12
0.000732,13
0.00073,14
0.00073,15
0.00073,16
0.00073,17
0.00073,18
0.00073,19
0.00073,20
0.0,21
0.0,22
0.0,23
0.0,24
0.0,25
0.0,26
0.0,27
0.0,28
0.0,29
0.0,30
