power,wind_speed
0.0,1
0.0,2
0.00032,3
0.00075,4
0.00148,5
0.0025,6
0.00398,7
0.00592,8
0.006,9
0.006,10
0.006,11
0.006,12
0.006,13
0.006,14
0.006,15
0.006,16
0.006,17
0.006,18
0.006,19
0.006,20
0.006,21
0.006,22
0.006,23
0.006,24
0.006,25
0.0,26
0.0,27
0.0,28
0.0,29
0.0,30
