power,wind_speed
0.0,1
0.0,2
0.0001,3
0.0004,4
0.00083,5
0.00145,6
0.0023,7
0.0034,8
0.0048,9
0.006,10
0.006,11
0.006,12
0.006,13
0.006,14
0.006,15
0.006,16
0.006,17
0.006,18
0.006,19
0.006,20
0.006,21
0.006,22
0.006,23
0.006,24
0.006,25
0.006,26
0.006,27
0.006,28
0.006,29
0.006,30
