power,wind_speed
0.0,1
0.0,2
0.0,3
0.00021,4
0.000576,5
0.001104,6
0.001783,7
0.002542,8
0.003349,9
0.004077,10
0.004628,11
0.004911,12
0.005066,13
0.005141,14
0.005142,15
0.005159,16
0.005217,17
0.005212,18
0.005242,19
0.005235,20
0.005235,21
0.005235,22
0.005235,23
0.005235,24
0.005235,25
0.005235,26
0.005235,27
0.005235,28
0.005235,29
0.005235,30
