power,wind_speed
0.0,1
0.0,2
0.0,3
2e-05,4
6e-05,5
0.00011,6
0.00016,7
0.00025,8
0.00039,9
0.00056,10
0.00074,11
0.00091,12
0.0011,13
0.00132,14
0.0016,15
0.00193,16
0.00223,17
0.00223,18
0.00223,19
0.00223,20
0.00223,21
0.00223,22
0.0,23
0.0,24
0.0,25
0.0,26
0.0,27
0.0,28
0.0,29
0.0,30
