power,wind_speed
0.0,1
0.0,2
3e-05,3
8e-05,4
0.00016,5
0.00021,6
0.00027,7
0.00035,8
0.00046,9
0.0006,10
0.00077,11
0.001,12
0.00118,13
0.0014,14
0.00166,15
0.00104,16
0.00083,17
0.00068,18
0.00053,19
0.0004,20
0.0,21
0.0,22
0.0,23
0.0,24
0.0,25
0.0,26
0.0,27
0.0,28
0.0,29
0.0,30
