power,wind_speed
0.0,1
0.0,2
1.6e-05,3
8e-05,4
0.00017,5
0.000299,6
0.00046,7
0.00063,8
0.0008,9
0.00095,10
0.00107,11
0.0011,12
0.0011,13
0.0011,14
0.0011,15
0.0011,16
0.0011,17
0.0011,18
0.0011,19
0.0011,20
0.0011,21
0.0011,22
0.0011,23
0.0011,24
0.0011,25
0.0,26
0.0,27
0.0,28
0.0,29
0.0,30
