power,wind_speed
0.0,1
0.0,2
2e-05,3
4.8e-05,4
9.5e-05,5
0.00016,6
0.00025,7
0.00038,8
0.0005,9
0.0006,10
0.00069,11
0.00078,12
0.000812,13
0.000815,14
0.000815,15
0.000815,16
0.000815,17
0.000815,18
0.000815,19
0.000815,20
0.0,21
0.0,22
0.0,23
0.0,24
0.0,25
0.0,26
0.0,27
0.0,28
0.0,29
0.0,30
