power,wind_speed
0.0,1
0.0,2
0.0,3
2e-05,4
4e-05,5
7e-05,6
0.00011,7
0.00016,8
0.00023,9
0.00029,10
0.00036,11
0.00045,12
0.00053,13
0.00063,14
0.00072,15
0.00071,16
0.0006,17
0.00035,18
0.00027,19
0.00024,20
0.00025,21
0.00026,22
0.00027,23
0.00029,24
0.0003,25
0.00031,26
0.00033,27
0.00034,28
0.00035,29
0.00036,30
