power,wind_speed
0.0,1
0.0,2
0.00031,3
0.000643,4
0.001,5
0.001429,6
0.002024,7
0.002952,8
0.004167,9
0.005238,10
0.005548,11
0.005524,12
0.005524,13
0.005548,14
0.005548,15
0.005548,16
0.005548,17
0.005548,18
0.0,19
0.0,20
0.0,21
0.0,22
0.0,23
0.0,24
0.0,25
0.0,26
0.0,27
0.0,28
0.0,29
0.0,30
