power,wind_speed
0.0,1
0.0,2
0.0,3
0.00012,4
0.00027,5
0.00048,6
0.00074,7
0.00112,8
0.0016,9
0.0021,10
0.00235,11
0.00253,12
0.00263,13
0.00263,14
0.0026,15
0.00244,16
0.00223,17
0.0021,18
0.00205,19
0.00205,20
0.00205,21
0.00205,22
0.00205,23
0.00205,24
0.00205,25
0.0,26
0.0,27
0.0,28
0.0,29
0.0,30
