power,wind_speed
0.0,1
0.0,2
0.0,3
8e-05,4
0.000163,5
0.0003,6
0.00048,7
0.00068,8
0.0009,9
0.00114,10
0.00134,11
0.00155,12
0.00164,13
0.00168,14
0.00166,15
0.00162,16
0.00158,17
0.00157,18
0.00157,19
0.00158,20
0.0,21
0.0,22
0.0,23
0.0,24
0.0,25
0.0,26
0.0,27
0.0,28
0.0,29
0.0,30
