power,wind_speed
0.0,1
0.0,2
0.0,3
7.7e-05,4
0.00028,5
0.00056,6
0.00088,7
0.001299,8
0.00182,9
0.00248,10
0.00325,11
0.00373,12
0.00391,13
0.00401,14
0.00406,15
0.004121,16
0.00417,17
0.00417,18
0.00417,19
0.00417,20
0.0,21
0.0,22
0.0,23
0.0,24
0.0,25
0.0,26
0.0,27
0.0,28
0.0,29
0.0,30
