power,wind_speed
0.0,1
0.0,2
1.5e-05,3
4e-05,4
8e-05,5
0.00014,6
0.00022,7
0.00035,8
0.0005,9
0.00067,10
0.00088,11
0.00104,12
0.00118,13
0.00123,14
0.0005,15
0.0005,16
0.00052,17
0.00052,18
0.00052,19
0.00053,20
0.00054,21
0.00055,22
0.0,23
0.0,24
0.0,25
0.0,26
0.0,27
0.0,28
0.0,29
0.0,30
