power,wind_speed
0.0,1
0.0,2
7e-05,3
0.00022,4
0.00064,5
0.00122,6
0.00199,7
0.00292,8
0.00399,9
0.00507,10
0.00557,11
0.00579,12
0.00591,13
0.00611,14
0.00578,15
0.00522,16
0.00502,17
0.005,18
0.00502,19
0.00503,20
0.00503,21
0.00503,22
0.00503,23
0.00503,24
0.00503,25
0.0,26
0.0,27
0.0,28
0.0,29
0.0,30
